site,A,C,D,E,F,G,H,I,K,L,M,N,P,Q,R,S,T,V,W,Y
1,0.12411689080222839,0.003227670950112144,0.04355334838338032,0.0657943899365015,0.019084769491879854,0.07959420904880898,0.025393690926055593,0.011856469852243137,0.0932807388223689,0.016284574412276726,0.016284574412276726,0.17596812259435587,0.09036700233574195,0.032732760941162745,0.04355334838338032,0.06174825117020866,0.05981947000175484,0.025393690926055593,0.005033136049067732,0.006912890560139994
2,0.05307602442963559,0.03626712851911224,0.05837739196787065,0.054787374202765846,0.03864358180908172,0.08276520625149754,0.062202650566129274,0.05307602442963559,0.04387385325308384,0.04825608466383203,0.04981202334667528,0.062202650566129274,0.030945867768556058,0.06627856447546455,0.04674874760409328,0.04825608466383203,0.04674874760409328,0.056553903655939326,0.018624689740835986,0.04250340048173666
3,0.04804701009653362,0.008125848142641152,0.06599140561694129,0.05812446577108702,0.009225652806420159,0.042319250024310716,0.06193315103373818,0.005916265975885643,0.08240661728173461,0.027138669132399228,0.034982058006410494,0.0511953562678312,0.06393008439696214,0.0511953562678312,0.02801371122083523,0.13692277923229987,0.1554547907262189,0.026290960039955732,0.02105386030012508,0.021732707659838358
4,0.06976819333329169,0.01672872817687363,0.08993200714009754,0.08712287233019118,0.004700876890120188,0.052434673301649276,0.06976819333329169,0.012179849241005878,0.09582492513411564,0.010392772172588372,0.028691856115751348,0.10210398465425496,0.017824901012613466,0.07921107031849332,0.06976819333329169,0.05587052711650292,0.09582492513411564,0.022976503311186634,0.004140477920411802,0.014734470030153275
5,0.060990887009708714,0.018850688037739396,0.04731601274987058,0.08925861906068773,0.03789077009286686,0.03789077009286686,0.04583803997122933,0.03789077009286686,0.06708281103747923,0.06295743860751073,0.0391124961264006,0.048841640348302885,0.08376950731186289,0.05372006689661968,0.04037361472169425,0.048841640348302885,0.048841640348302885,0.04583803997122933,0.04167539602760233,0.04301915114685591
6,0.0073300867297649746,0.8291673396432165,0.020889038569449514,0.008590523279969077,0.014273590657553304,0.039405829609334676,0.010067696733249545,0.003885680518173867,0.0018142480371731089,0.004010967943987932,0.003014465241513405,0.011430323701705488,0.0017026777449040968,0.00414029505834399,0.000847083522433636,0.01039231318117571,0.012977377387052033,0.006879310484157803,0.004010967943987932,0.005170184012853039
7,0.03632788311132784,0.020519287215957846,0.24387437059241385,0.09715949027108618,0.002961106988600163,0.027302422374380634,0.01234947945097321,0.0006663391713725272,0.035193137826934645,0.004766346562044946,0.006341975023305091,0.23625666021919906,0.09715949027108618,0.06230685227230742,0.038708317429199085,0.04682706097527125,0.024047657417378136,0.0021559222151446974,0.0022971919723684853,0.002779008639648546
8,0.000273235297854374,0.00037528206923482735,0.0002258625337984412,0.00032021915615213284,0.27607994347504755,0.00034120195512801435,0.0007079455201607138,0.060185794971643704,0.0001808712282243714,0.33398538623648427,0.04245128965523445,0.00018670312574710192,0.0002258625337984412,0.00014951228563362824,7.20590535868794e-05,0.0001808712282243714,0.00046863262818867157,0.002364393094498706,0.22821398279748817,0.05301095115387102
9,0.06628956609545031,0.0012955811826022572,0.16638957412463,0.10670301568801727,0.027261286289875515,0.06421893147298241,0.10337001817997489,0.00742130355131588,0.030951004492322094,0.011572564555846241,0.019848392156051987,0.0910471148066611,0.012330872705266784,0.06421893147298241,0.02814028196840957,0.0827789444993674,0.034042469089654415,0.012728461568287839,0.031948969111663734,0.037442716988637895
10,0.09901543432808199,0.00401523232421981,0.21206711336264844,0.300660543147925,0.0010930613321117394,0.026954839423222045,0.009458611994142753,0.009163160829967668,0.0508485733284017,0.019012255242364898,0.028721092210347396,0.02611287247366591,0.022999915641904525,0.061513633293667186,0.010738801508077364,0.06554439840212277,0.040719652598834435,0.009163160829967668,0.0008753259885061207,0.001322321739820627
11,0.0005602822778278541,0.0006361144926774308,0.0002700340678404784,0.0002615992277434525,0.010383892729174792,0.00020294560387841486,0.0005094019253523661,0.5843688279313665,0.00025342786005948703,0.07667125401833236,0.009146012452152014,0.00030658221911981606,0.0005602822778278541,0.0005427811845011144,0.0002615992277434525,0.00029700575339625904,0.002570086507383727,0.3000978726149253,0.007095368882364557,0.0050046287463330445
12,0.0006672981730391982,0.0006066994934198597,0.00025754724039591894,0.000219758860733861,0.8156626900239609,0.0004559683748406094,0.000517682073691797,0.06862884757953765,0.0006888141134155322,0.05673017186177307,0.03524378812528331,0.00041456097619950157,0.0003216115291507725,0.0005015116491686712,0.0003651405064927183,0.00038906683850156373,0.0005877485023287426,0.016455540575139756,0.0005516039009060679,0.0007339496020203474
13,0.007598326209501428,0.0009356194846804134,0.004720482773910033,0.004291806306893871,0.00027139216906593613,0.013032077514711613,0.009488392527396208,5.731579951364717e-05,0.0005812563897093166,0.00026291490703761846,0.00011160881045870281,0.9453601949422752,3.6755720343962617e-05,0.011119958044302053,0.0002891755128095361,0.00026291490703761846,0.00038476931035469765,4.890619205939306e-05,8.38802215506886e-05,0.0010622522563875619
14,0.45638874000804036,0.0034426378654126358,0.004164702160829385,0.023110929421134387,0.00023195980875211514,0.007142983847909411,0.00520066232642534,0.0057201176309797435,0.07477478181124239,0.0012080419138846268,0.0107906345216576,0.058009396206786426,3.566717996882961e-05,0.2419317671320404,0.03174230226918142,0.06380352139359226,0.009207388692767842,0.002428221098874995,0.00011912107869458511,0.0005464236318251225
15,0.01743174162878175,0.0003630148889071226,0.04812469804535265,0.07746393155025938,2.7769895358405257e-05,0.0012918392765078283,0.0006634135842131812,0.000911182503128522,0.060095606943767255,0.007884755868450591,0.001137837072981646,0.002079409395878853,0.13286030801032622,0.000911182503128522,0.01635974680313956,0.23521936647879998,0.3908289218744186,0.006116900859989751,7.42710184800921e-05,0.00015410179813016474
16,0.026940861175663463,0.015217161611498057,0.05956127736943206,0.08180597306788312,0.0237291985010614,0.006062513506254775,0.06980306764299456,0.057700808967783776,0.09287812075335466,0.02024755388838376,0.0260993308535445,0.10215502232360836,0.0009030808833296915,0.05956127736943206,0.06346411168080522,0.06762268455815229,0.10215502232360836,0.06551040837114694,0.015217161611498057,0.04336536354056498
17,0.0005019800613970755,9.949455359947151e-05,0.0020935388275018277,0.00023437756573916292,0.4061718430778326,0.0008887186383583582,0.025684257308941902,0.00044213822426828354,0.00044213822426828354,0.0003322914387782523,0.003706455931635171,0.06050395210698326,0.0007827730837441996,0.000141059526161996,0.00016015143164929119,0.0005019800613970755,0.0002835362860237482,0.0007346351114580412,0.4913629660352177,0.004931712505044151
18,0.13428079338169605,0.003382907813630835,0.03773373993055033,0.017618114326181017,0.003382907813630835,0.023442198245533286,0.0552223731007538,6.61164639320073e-05,0.012038550803274746,0.0005201710695307277,0.0027090402331502333,0.09471326012503092,0.4778569922940253,0.030217264333128394,0.002463026879903832,0.07829214264824494,0.0030756991997569105,0.001150002338450149,0.001187082286734803,0.02064761671286084
19,0.016616931171571012,0.0009553482577665625,0.016097881266289117,0.0006955697784808504,0.00021498242680967735,0.0008151756718810696,0.08654063582560483,0.00011763675577710312,0.0008685911747468111,0.00016678083803414078,0.0012314549400513854,0.0922113295673338,0.17955950874200172,0.0020461249163367134,0.000295273160590181,0.5996919966734023,0.0013121477123559826,0.00016678083803414078,0.00016678083803414078,0.00022906944489847498
20,0.008705016981255103,0.028164845020956335,0.0008315610448699916,0.0003312937191907342,0.001216968536921636,0.00012387055008932692,0.0004696954090333087,0.0023697551447249975,0.00036438417363626806,0.0003761331465404351,0.000291799670900395,0.0003209453599304739,0.03001038508284074,0.00026530076009207375,0.0002489856351829212,0.000756045325843679,0.0006054428079721873,0.9241415444748603,0.00024120826828984837,0.0001648188868693021
21,0.00672092058465824,0.0012111426577285163,8.160498729208119e-05,0.0008542641631844772,0.04962507056102088,0.0006025444284738058,0.10628489927563499,0.0020123750277969404,0.00037433251965010035,0.0005837232258523173,0.001888620576693327,0.0002725439499726612,0.0003297077478801474,0.0015611768764340847,0.00016402986489008666,0.0029450599068148527,0.008392734254150819,0.011898893700854332,0.09069034613657942,0.713506009554438
22,0.2621659895066914,0.042953304814982836,0.06286107416781554,0.13897424621421728,0.007989971350565651,0.011693120793151,0.0691397972182513,0.0005215362760840893,0.07136909712447526,0.004963793483519661,0.013275743130744769,0.07367027716734757,0.0001211456621437561,0.03905262943141326,0.05536730608543005,0.11487928400598135,0.005123842902125771,0.0008944997870929602,0.003614037818866377,0.02136930305910043
23,0.0009978904030237654,0.0002987878970192241,0.00039755929525795656,0.0010975622199346164,0.06581428992235061,0.0006818637960051163,0.00033922777687595684,0.00033922777687595684,0.0007265438555381866,0.00022455570394158377,0.00031836638337499423,0.0008789303096608216,0.0014147703800832282,0.000423609912821347,0.00030842182505495705,0.0015074751477774317,0.0010632785390060529,0.00036145614177065914,0.9167155471721988,0.006090635541428733
24,0.010638600582574051,0.0018572438963988258,0.06702647372376415,0.33816879595772437,0.00021462784272271927,0.004238415899504647,0.010981624893250299,0.0013522217841514111,0.08639789889219883,0.00041793638788719376,0.002471199743833506,0.04436894032786,3.6298476297348395e-05,0.2310725288102826,0.0691876329634309,0.07609826870492126,0.047276275937819766,0.007042343244335252,0.00022869162620336265,0.000923980304839482
25,0.0003797743694964199,0.011329493022767203,0.00224555303585434,0.001117164408306858,0.0002854215372577585,0.0007879777929642223,0.009365217528145934,0.00031393016217064055,0.0008666830075570886,0.00040465960543011796,0.0002678690506742055,0.0007879777929642223,0.0009839854721118203,0.001117164408306858,0.9631737538873596,0.002175410475923675,0.003183658157655446,0.0005737107221834492,0.00040465960543011796,0.0002359359574400301
26,0.03606414317412948,0.019734026012467456,0.028880247472055053,0.010134249024598264,0.0016603964848514463,0.00013111238330992998,0.03384631688360823,0.07482796688248906,0.10608819448148657,0.022404956291087397,0.06803268978615554,0.004731742950843957,1.6665069762474376e-05,0.07022629282033399,0.2065813840208405,0.022404956291087397,0.16543083984652357,0.12044685452712085,0.0012089011580536184,0.007148064439195175
27,0.04755848456197216,0.01722664762196389,0.01778209275592878,0.0741613153222997,0.0027342542915523493,0.0019285716999575039,0.08971602656084506,0.08691363816506573,0.13990055815535302,0.027728877404501754,0.015173031710607581,0.08971602656084506,0.010702106109897394,0.08156873503519989,0.07902083712572197,0.03574284328699395,0.0741613153222997,0.08156873503519989,0.005856111410748911,0.020839791863045735
28,0.0005184080585443218,0.0027869110388764155,5.803724164321841e-05,0.0001027506515372058,0.49159289350231195,0.00019383250470152939,0.0017313767780837415,0.050037351246703964,4.36182113868628e-05,0.07802678781456944,0.1141902285985958,7.722282300112412e-05,5.2766763835210105e-05,7.481067490046228e-05,5.4468142005271096e-05,0.00013671730689211652,9.643182412885423e-05,0.007693967423412342,0.18380632837496433,0.06872509101990577
29,0.07802679394755653,0.03312279913876118,0.04847437798502153,0.07094102497771639,0.03208816852146293,0.04549336303638507,0.10057743873184372,0.01090820999838566,0.05165072802279807,0.002615525373969709,0.040070027269447354,0.06248403317877723,0.015465237824394835,0.08054264055730513,0.05331612143976381,0.06872509642176976,0.12167270935625639,0.040070027269447354,0.008462461011260941,0.03529321593767665
30,0.004540809637768811,0.006859628731755334,0.35097901876793813,0.05064924596978769,0.057504441385285196,0.13123087340984724,0.11931353574097545,0.0004337682987947875,0.03248056445683579,0.0056703256806029285,0.0064377841069975395,0.14433854490154896,0.002120131836358602,0.015654357264409252,0.02684917594846936,0.0236484432148247,0.0036362906344140924,0.0005083564228207541,0.014232753821090835,0.002911949769474313
31,0.019196483919367978,0.5206671893766863,0.06617952335961223,0.027216031709064344,0.017453212881251047,0.007177555399123114,0.006321907666857017,0.019196483919367978,0.017453212881251047,0.010504170615772985,0.008149012010656835,0.024744489521955022,0.16611336227063708,0.021113877277141126,0.0067361593290989905,0.015868251767238037,0.01690804070719903,0.015868251767238037,0.010842860451596248,0.0022899231688853793
32,0.014887171062625881,0.03857227138811809,0.02044716918094791,0.035069446398514136,0.04972010339030449,0.005931045351381375,0.05132324696730346,0.037367419926449714,0.06828935876662508,0.037367419926449714,0.0308887622220629,0.023963138409418407,0.0017758709396293103,0.06408978761629468,0.04972010339030449,0.07511027260979025,0.15584313106353936,0.05468627304870634,0.060148476290997316,0.12479953205053694
33,0.15528504416170652,0.0748412966270148,5.666215059659705e-06,0.0019462546751727418,0.0772544320752663,0.047994545872942454,0.010136054324890204,0.007379856512133279,0.0009682632375576847,0.056247392266022385,0.03967338709344126,6.734369555688598e-05,0.03723360416264979,0.052788362482934864,0.0013727661319010386,0.009215578990991518,0.009215578990991518,0.04227304014379942,0.3433066050239998,0.03279492731596782
34,0.003916223323421978,0.032829799302531444,0.8904442814865509,0.01975852901707439,6.129318603153204e-05,0.0034493641465296594,0.00018030328375491912,3.688914402408731e-05,0.012275044962701218,0.00013550793459334812,2.189230923681394e-06,0.009829883786278835,0.00028115968797892574,0.007387703770175754,0.003916223323421978,0.004446270230513164,5.0666346589815e-05,0.0012897154685961257,0.009522835499473083,0.00018611686883527315
35,0.004643545671634735,0.0016294475398445471,0.00016067451500781114,0.0003666752764000278,0.13000807983235116,0.0012641062353832791,0.00024272488994936132,0.031172798440158165,0.00024272488994936132,0.07343321168205783,0.03892696096776722,0.00020064193422450572,0.001186367856037669,0.000378498122173105,0.00024272488994936132,0.0008916213531536243,0.0014814741549125311,0.02925577377674408,0.6559300136073587,0.028341934364943006
36,0.10274008258652462,0.0021395555567939165,0.14111101709478768,0.10274008258652462,0.009507850031795358,0.049516687443092816,0.013058801926126982,0.019111226015250414,0.06183385052999506,0.03605210041039664,0.039653075367634585,0.08227449065049984,0.004439273423855164,0.07721487984752314,0.05111327220490446,0.07020284241841579,0.07970454761238226,0.03605210041039664,0.020363515286383586,0.0011707485967163724
37,0.09805261981731478,0.011331210890237349,0.0322913097826775,0.06091548191305603,0.23842842751796028,0.025051218309777554,0.029358871458896332,0.033332490358361465,0.05365365096081138,0.03666182378627517,0.04435133252807158,0.029358871458896332,0.018239286279899347,0.05538362535859476,0.031282651739199405,0.05901271329767737,0.04162387132580549,0.02277626715036661,0.05538362535859476,0.02351065070752637
38,0.001512394270526922,0.0011011437338939146,0.0019494936852660026,0.00036263562863155267,0.20696204374157942,0.015337635363425728,0.0007766778127895579,0.24254996160038902,0.0009698746476364321,0.4160034478138051,0.041020745120421094,0.0008542543567872833,0.0012501796243965316,0.000752417343693274,0.0004980712600450825,0.0006627204820114429,0.0007061461496646258,0.035002014388738435,0.014858545807090897,0.016869597169207672
39,0.058632108622621894,0.011621129846806869,0.007219661507375986,0.05502642662030471,0.07092969955622924,0.01812165132905769,0.03311751123009058,0.05502642662030471,0.046952725277677576,0.10056138198772285,0.11785329763200425,0.0500293669368144,0.011621129846806869,0.05330760975632598,0.04006363026647241,0.04406528697005809,0.06656775612407737,0.07321671194173061,0.04846663926455364,0.03759984866296422
40,0.059158588160006485,0.0022514451994527502,0.08125288918392494,0.0715666037421173,0.004247206763940963,0.12670338828321684,0.08657709608160934,0.0004908180487815907,0.11519720057961533,0.012896650922894225,0.017713237940152577,0.13078873222378987,0.04042337652196528,0.052106199291038956,0.07871485710090409,0.076256103513936,0.028512117624849027,0.0006129079191871141,0.004525510806733575,0.010005070091883679
41,0.04685266334244745,0.03634774512664076,0.12139402698461699,0.05319400479382029,0.016440875662075555,0.02910735655745705,0.04259787942438187,0.013165890438196716,0.010543274859163836,0.02330923700524031,0.05153242583771111,0.07077853978944436,0.009286394386321528,0.06435099925371862,0.05490915865121741,0.1615236905443481,0.10034707352252518,0.019267947341554233,0.028198153136671265,0.04685266334244745
42,0.08256258808661564,0.0033480434106686035,0.03395349348676416,0.10642412977271994,0.016364251247017233,0.07998364597728666,0.024720853103822094,0.009243114177135702,0.18253066141060273,0.010166339795057213,0.06011215348889598,0.004746726328155658,0.041074952760122546,0.15574901963200308,0.096759542030045,0.01979651511229714,0.03395349348676416,0.01743654123251656,0.015853094104216696,0.00522084135729336
43,0.044612672246569056,0.020179281955545005,0.029531868272410673,0.05750624987307502,0.019548957723017537,0.022194839666462907,0.047535978724467305,0.040561306392951454,0.13123500055944634,0.039294325021722684,0.03572592889978444,0.19825173311864316,0.02150155705563199,0.06325011953171757,0.05065083886488752,0.04321914157205014,0.05065083886488752,0.024411716378472625,0.024411716378472625,0.03572592889978444
44,0.010301587794706173,0.002470072016693685,0.04032129931001283,0.004514082975474576,0.23096707931650654,0.006399892079919422,0.034405194115284525,0.050351130567364136,0.004514082975474576,0.020059878242286208,0.01370702101577377,0.08366096027460652,0.006199983724784647,0.014605192349394804,0.0030844967982579727,0.0070391294848549,0.014605192349394804,0.015562217590338968,0.2794104787999861,0.15782102821888472
45,0.06644154616589149,0.007925724136821594,0.17214831074191358,0.20174987357662214,0.0007105575583147669,0.016444750132182953,0.07543417328114355,0.00040134831357635633,0.009897229942560759,0.0012985515221442395,0.004336896222059043,0.024066475494331767,0.006762829623494494,0.07079521951759848,0.0057705597276510616,0.22190116113283437,0.10360701147424202,0.0012985515221442395,0.0015709117663975343,0.0074383181480756535
46,0.003967019775222305,0.009053134982192424,0.009053134982192424,0.024993451409495084,0.021326310462943667,0.0004884787643322366,0.15746647326046823,0.05023801355624077,0.01878396725965054,0.07352206098705133,0.08086563036040594,0.014117194949617063,3.0888931586178383e-05,0.11464816001235424,0.00479906875942671,0.06475737980287183,0.13016538096724714,0.06684537581284195,0.0402307149515056,0.11464816001235424
47,0.0005293238771759996,0.01012644232433814,8.401553886458429e-05,2.0794436968687865e-05,0.5181284482865637,4.745498016723997e-05,0.00012691908498339721,0.08489022246723886,0.0002394247021183141,0.040913755440529595,0.0822385738880859,0.0002394247021183141,0.0005127898068669345,4.3145498655550426e-05,4.898508854321247e-05,0.0003733519054125148,0.003129818478584716,0.14559732353301538,0.10600647172793627,0.006703314231832788
48,0.040142799270858655,0.015493324561177291,0.05874797045625617,0.11082427302705994,0.001011309107538478,5.632649301557298e-05,0.017040836997736186,0.04856241330078053,0.14745985470515405,0.029227161686262403,0.018742918889795006,0.06461586630679937,2.2440461196709297e-05,0.1040089444287741,0.24501203662313248,0.028314216007648337,0.029227161686262403,0.03888889047481474,0.000293347217308918,0.00230790829842872
49,6.634844010359335e-05,0.9949640072570045,0.00011024130241450125,6.848773725591417e-05,0.0002948420836025449,8.28524632827836e-05,8.28524632827836e-05,0.00013336348704898952,6.848773725591417e-05,0.00025158165270684795,0.00011746501480947065,8.552390572343301e-05,0.00011024130241450125,0.00011746501480947065,8.026446657176175e-05,8.828148446505568e-05,9.11279768320785e-05,0.0002948420836025449,0.002806200221090087,8.552390572343301e-05
50,7.82492319236086e-05,0.00013420719613484793,7.114326291697754e-05,6.266216201340808e-05,0.13997676708484533,8.606496308413663e-05,0.001595069806367581,0.000434223722707786,8.337662006365538e-05,0.00011451576992066018,9.771354993025196e-05,8.077225068281545e-05,7.82492319236086e-05,0.00014761215026682268,7.114326291697754e-05,0.00013001507234720666,0.00023760393246477667,0.00016759093013621028,0.27257127351900035,0.583781746280353
51,0.001865440147306378,0.0006341469084664894,0.0010876410723872154,0.0006757002535612077,0.00022252588710664642,0.3506129976318929,0.030451326931405277,0.00020884127631847952,0.08406853112339358,0.0005411022922562214,0.0012348494256484487,0.3187731311789346,0.00017819923400228254,0.02362378125616525,0.16898170392848583,0.014676344421077962,0.0013157646262729682,0.00046170956094854036,0.00018394497743274795,0.00020231786693723875
52,0.0033728174998067626,0.06875312669627362,0.00020016393890000082,0.0009477827406720215,0.1959303850385351,0.00019391157662840123,0.0011465721874875294,0.22244886624305313,0.0004867261403789713,0.1256470728921193,0.06055695771218506,0.0004425255676292391,0.0009181776025936222,0.0003658017348424856,0.0002499542622608166,0.0006273956174087527,0.01597040021954423,0.2777825144633843,0.0033728174998067626,0.020586030366489698
53,0.045970337564969314,0.018905094828895852,0.2042849853049348,0.11910794394046771,0.0022551637498045055,0.0024804152079740548,0.04898260692314879,0.039225382478564316,0.04898260692314879,0.03141177506137421,0.014666350201123604,0.13100474658040598,0.024368885618329478,0.08138708874593487,0.010344724712306989,0.06517496485813684,0.053875113569436285,0.052192259358478904,0.0017495295112171473,0.003630024861347726
54,0.08791913838658122,0.000752953659215367,0.0007294342426960267,0.05819907848393993,0.020422399597825092,0.011907238423796297,0.031846094974677795,0.06401214961625482,0.14151906182388188,0.07267596654350471,0.0967007242578088,0.013954733777487523,0.07993502586424137,0.05819907848393993,0.07501928445762494,0.023934109601397944,0.026324708992760126,0.05638116000894113,0.05638116000894113,0.02318649879448398
55,0.05001726277592624,0.014055162604379294,0.10712488014793718,0.13377194980427087,0.034177060485635555,0.04134541105393389,0.051629987772269105,0.023353366390153486,0.068697499991439,0.04694136548290711,0.042678526346337356,0.0605079623548216,0.008194833883937566,0.0605079623548216,0.051629987772269105,0.05501311346521814,0.05501311346521814,0.015459027787881382,0.028251538288374393,0.051629987772269105
56,0.09132801355104941,0.019909628456033605,0.12543681644972168,0.1379657628802837,0.0026964401301659527,0.04001929016870182,0.05324861199170028,0.019909628456033605,0.07792799557942097,0.02189825249352281,0.04997399734083359,0.05158532731384293,0.00028330980103009727,0.10368893557099614,0.05158532731384293,0.06863807596337448,0.05673780025449032,0.01928772717609198,0.0006673879032895469,0.007211671205574117
57,0.0021246396183735505,0.0027386850110468434,0.0022638595405800343,0.0025702648827873333,0.022241330412345946,0.0019316968519427927,0.0015967847087706977,0.11956721780042556,0.0015469072107365863,0.7533104490501276,0.05408285312522165,0.001701416214750868,0.001756275603418423,0.005504885758154046,0.0010910914461408864,0.0021931451548744514,0.0024899795563220863,0.008860940657950225,0.011065079440714456,0.0013624979553159247
58,0.05121596517803108,0.00417464326098541,0.1168799431996779,0.05286734037671931,0.0030394734743837523,0.043701350251732524,0.07034388873180744,0.006109484724943392,0.07495326842719345,0.008661790914342512,0.033902993497510234,0.17105083787737316,0.10626584216051956,0.09661562883199255,0.03612453360081655,0.07261201260347899,0.032843992567557434,0.013085038696684138,0.002512498149866972,0.0030394734743837523
59,0.022975724123910714,0.013827879592172269,0.12749779410910161,0.18076143641117967,0.014273736998736486,0.04473972727688164,0.07433732875968406,0.0005788225903735146,0.04618228675544066,0.005336942874084282,0.01839901187571256,0.06547545821477488,0.0019331489452865066,0.11229858040303803,0.0419883810739141,0.10210052206795167,0.08711991778864751,0.0030144961475706586,0.011073397271841721,0.02608540671969741
60,0.034680144700005175,0.03153077150712446,0.00516600510289503,0.02223983109191451,0.03937397901884334,0.021545143119595482,0.049168166513972544,0.04470310712907966,0.02524991318146176,0.12341414748391726,0.1357410646232665,0.019588585649475635,0.0023366964655007895,0.07427648252453525,0.01897671252916317,0.03359686851405718,0.04330675161183157,0.032547429767519905,0.0097453368267202,0.2328128626391207
61,0.05446341001881874,0.07970582173763016,0.04797074076268533,0.07721611417393079,0.013480077162410902,0.013059010678948997,0.05111408928137713,0.030762881214736713,0.07246757690132807,0.02312001428224541,0.028871065113608096,0.15035991339776775,0.03277866115808611,0.07721611417393079,0.06382860243294348,0.04951747899719549,0.05111408928137713,0.052762179658067114,0.012255924436968149,0.017936235135943765
62,0.10328345905695352,0.06021921010479688,0.0010700601881476327,0.0008845361756323024,0.09693186573705992,0.003930740325440303,0.009866322066473903,0.07762325745263947,0.0013793199434176413,0.0467173548837245,0.06623405709189475,0.004462752057155773,0.03295149569810871,0.0032492396721042604,0.0011769405056989998,0.01921230234569808,0.06416515636016397,0.10005727552840794,0.2212081901064333,0.08537646470004806
63,0.08415341561135116,0.014691163211945664,0.050647513526364776,0.0490654772991462,0.002120059317836652,0.0446097433269115,0.04604811168517312,0.026848257579846255,0.11558267980675802,0.020177957141481666,0.011041225329709064,0.07180608385935046,0.0015435723863896243,0.09255887156906076,0.06739024567254774,0.10180388572347256,0.11930945465454856,0.0490654772991462,0.001054731184509888,0.030482073814450103
64,0.09051846626298386,0.05447830264683727,0.02625640370029713,0.07723722836536742,0.04094347101220134,0.02464172115703263,0.0876910126943944,0.023872007248942142,0.028878959698855105,0.020369409155358693,0.028878959698855105,0.09343708645671416,0.020369409155358693,0.037225312649693226,0.02464172115703263,0.07482463029576311,0.10276981893492716,0.05447830264683727,0.02464172115703263,0.06384605590551613
65,0.07709222355358143,0.11282251746257012,7.391463156636374e-05,7.160581881885089e-05,0.007364361276676578,0.03959008622256838,9.834885926749697e-05,0.2831892217432103,8.941760296488401e-05,0.1322227824169281,0.10257687935685937,4.3095775148845976e-05,2.8527740901936814e-05,0.00037292163188340125,0.0018227312286757235,0.0008510443765132757,0.007364361276676578,0.23409067448313278,0.00017973359006390825,5.555095199153833e-05
66,0.0018459261877846194,0.00961354562576026,0.003594499732384521,0.0007591288529889593,0.1038822097779161,9.347529003840547e-05,0.01597339423429258,0.10063732354778296,0.0016782939445476263,0.05506798126682486,0.032107274138885325,0.08059059645343701,7.251703052869186e-05,0.00961354562576026,0.0006901908459469829,0.010573770873514321,0.14728017522369918,0.08864018902402708,0.12174515450793752,0.21554080781594273
67,0.39926191366934877,0.11219508639443784,4.0220600046349506e-05,0.0,0.0033125360072820964,0.00011103906159540403,6.47410983434035e-05,0.06541511624418843,0.0,0.31972984405210114,0.0,0.0002969757029807528,6.27188319804977e-05,0.0,8.084529892502197e-05,0.0003951480376668933,0.0029176433502324534,0.09573336653918763,0.0,0.00038280511168341117
68,0.00033951117633462477,0.04224092819855941,0.9470640844951222,0.000224743303452225,0.00029903751198015563,0.00020433391527652393,0.004438173438148604,0.00024719123293000424,0.00014877139831425266,0.00026338877717281756,0.0003734224111799268,0.00019176805097309826,0.00011913647246058553,0.00026338877717281756,0.00018577794439650176,0.0005823040292177813,0.00042396380724911295,0.00039789142634138964,0.0006204602986138492,0.001371723335104192
69,0.003305876064581832,0.001697705843793107,0.00016740524405186295,0.000524716475038257,0.00233175789150895,0.0002299270514530218,0.00033649241884489223,0.00032598167192500824,0.00019006294881293912,0.0005416351012949187,0.005155086826251253,0.00042019414071758394,8.874155510480854e-05,0.001403362400592539,0.0013595266818558602,0.7516676639466938,0.16914809571894032,0.00034734206764279154,0.001403362400592539,0.05935506355030367
70,0.0001885596139882514,0.00014171302544882153,0.00026733252062767054,0.000313301373723098,0.9922383205750464,0.0001946394109603875,0.00012481919152973166,0.00017696381737623926,0.00020739342506136013,0.0001826697268141362,0.004227606868748383,0.0001372864480214405,0.0004585086287380709,0.0001288437826215135,0.00010993929827404865,0.00017143613890787085,0.00011714322143390437,0.00013299814008381532,0.00012481919152973166,0.0003557056010653327
71,0.0012564302304598335,0.002690969684911196,0.00015969885462915778,0.0002412509968554561,5.0950231231157626e-05,0.0001024123625563807,0.0001162735118162443,0.20799680561118605,0.00012389249299768525,0.005240019821094143,0.0007325590827506785,9.311209140570711e-05,7.945030626773342e-05,0.0005005614999892001,8.201205170868425e-05,0.00015471046811464241,0.01591132954379454,0.7640518173038112,0.0002918513614227422,0.00012389249299768525
72,0.00025755666993676696,0.021896109925061115,8.48201938002101e-05,6.792420315519852e-05,5.104881223888868e-05,5.9826851457595734e-05,4.4963202585159005e-05,0.36895548288462665,5.439385560867763e-05,0.10044025825832188,0.00025755666993676696,5.26947978638936e-05,4.641296766026053e-05,4.7909478043795174e-05,5.795808752869978e-05,7.470864433249192e-05,0.0006673226047332476,0.5067514269194959,8.217073265101114e-05,4.945424096193222e-05
73,0.013915415040070276,0.003262091691406899,0.0003415829336431808,0.0004715157066579383,5.514373317927626e-06,0.0017680566013142786,0.0003643310321022692,0.0016050780811901694,0.3495394222797687,0.0046504626862962795,0.07202713894168056,0.003711044517002393,0.007542167342026238,0.04163860432812802,0.4241272377922408,0.02828109131677418,0.04586655946187431,0.0006102336667350555,4.780751435341597e-05,0.00022464469341729442
74,0.07446398369730838,0.0034283286915225784,0.005518410086264245,0.0036529746265811583,0.0018759554954941237,0.7795101112249857,0.019638034447499023,0.0001629298813446545,0.03588871756455832,0.0005271551873174362,0.0036529746265811583,0.004147391758240043,0.0001304746177139632,0.03947337342999277,0.00401784296989552,0.02229597260899068,0.00021001849915226097,0.0002884553260811121,0.00012245085749277722,0.000994444402984087
75,0.03628894083155872,0.030964479689715992,0.345385002508394,0.0777221347495924,0.018635891277004792,0.010197418567529988,4.3447905493720016e-05,0.014457505252015718,0.11019143363576564,0.01805377671551934,0.014005907622213307,0.0777221347495924,0.0001023494649473695,0.007424534578286231,0.04390024051434393,0.10674947118186974,0.054820325235092636,0.009271370624219125,0.001519022391974293,0.022544612504870786
76,0.0002521802978906197,4.0026653872761396e-05,0.04591723675457333,0.24684657554389003,0.00030507299129406944,9.134481825851185e-05,0.3082490983178876,4.402461728063759e-05,0.0001470332082370658,8.57274121147292e-05,0.005477406421777401,6.865070563462761e-05,4.998319274948627e-05,0.28025638215797305,5.159481921343827e-05,7.794233463178762e-05,0.00012545989730874282,0.00011774452591300633,0.11165407488102162,0.000142440448477712
77,0.0003918935632711495,0.0005382563252226321,6.220227410002168e-05,0.0001419517964452977,0.00011012453400462212,7.062113080912917e-05,7.76749479404652e-05,0.16284234664820002,0.00015613030084076,0.37162248452379115,0.011325851267581505,0.00015613030084076,6.02593109772537e-05,0.0008131233960647685,0.0004592811657848947,0.000161164467543973,0.0012679609354019727,0.4495671705288439,0.0001001239051643225,7.524867717151283e-05
78,0.058931412851865025,0.03328656895982313,0.2164776182664948,0.0948589625853827,0.00877850949432466,0.053579733570831845,0.04290677190197103,0.009353733357383527,0.04871405097206104,0.007256516317370449,0.00877850949432466,0.026655959755198654,0.06481763139276923,0.10107472608594018,0.04026814643106694,0.07841258362762844,0.03328656895982313,0.04571829692233967,0.006810264410357017,0.020033434643043926
79,0.0003803018808724901,0.008260232785546573,0.0005565621747304172,0.2797728172539813,0.0017444933945659222,0.0002682411241548752,0.010990847881222168,5.847692193115677e-05,0.011711038248461196,0.0027203121778089615,0.005644260798552413,0.044406203866447974,7.302292291464094e-05,0.6185261213529651,0.0027203121778089615,0.009085285724573995,0.001049918795999693,0.00013345017105598482,0.0002080983089905107,0.0016900020374154827
80,0.0001117081110212866,0.000168753202415297,7.63307437317056e-05,0.0001634819924171759,0.000168753202415297,0.00011530995672294666,8.945610811696294e-05,0.8602748710038627,0.00013513794640632594,0.00863440802903512,0.0006198950536878417,0.00018560869901421246,0.00027163363203788494,0.00010821877331830474,0.00010483842929084148,0.0001915933485497118,0.00013513794640632594,0.12814780364793735,0.00012286579963662208,0.0001741943739757496
81,0.6398011909789664,0.004250823371814091,0.0010521086916157891,0.05215056908536935,0.00036919113979531155,0.053832079061520245,0.0010192448065162528,0.0005403018864494492,0.00970080310939079,0.0004326749734476377,0.003744075993897536,0.0006332088698088322,9.736503422222662e-05,0.11529529401507405,0.028536396440271204,0.06308871169413201,0.004118043772155826,0.004826157206160447,0.016118376974291023,0.000393382895101547
82,0.000228852772020892,0.0001952745615825056,0.0001666230828864886,0.0003045054624705962,0.00011385443477037896,0.00023623175610432498,0.00017199557221967335,0.000243848663485006,0.00035686634560670163,0.00023623175610432498,0.0001421754657934153,0.0002015708710791855,0.9954762094665768,0.00029499386674806033,0.00017199557221967335,0.0002768527133576288,0.0003683729184172086,0.0005564869828845931,0.00014675968161863815,0.0001102980540540289
83,0.028347359782156696,0.0501869076563278,0.0026233426995652775,0.0031735667347532574,0.0667773756503333,0.15730628647654835,0.04420404701120742,0.0006093662185017074,0.09772699869239058,0.04562933435397664,0.0807833677365669,0.18435570626673903,2.8055277018566663e-05,0.0501869076563278,0.10413069418868512,0.015511460583573309,0.002707928102899239,0.0006290142375647908,0.00039077696733470167,0.06469150370752967
84,0.3052373941750547,0.02568229594981194,6.18065673942882e-05,0.05860956210464869,0.0005181260197796508,0.10710960033090564,0.003478255437402951,0.009012068990429096,0.027365163582184243,0.0028752053356910744,0.09738276363802784,0.0008608926923702749,4.359448099484064e-05,0.1178079780698107,0.02191408492781489,0.10052271189620375,0.08049881518347013,0.03879726948459738,0.00025776810392514265,0.0019646430294828574
85,0.043497735314060426,0.003223549551988852,0.011113127475468299,0.025361265839439352,0.004155192609632707,0.017888248259920584,0.1872592587497422,0.017888248259920584,0.09316162907795444,0.003545525832926424,0.020964201213433824,0.04938499918147,0.005026709260901429,0.09025161312798481,0.13208095095454217,0.11270149608978342,0.12395840651782403,0.04938499918147,0.0010615997550807092,0.008091243746455591
86,0.0025058448855635462,0.0010305174531540144,0.00038530994221882056,0.00022465417577801565,0.0025058448855635462,0.9772129276368176,0.0011699943275909114,0.003230063003981264,0.000339376534540854,0.002427571795480096,0.0011699943275909114,0.000466125457187879,0.0001978727961355745,0.000339376534540854,0.00015845698295924727,0.0007041580321124573,0.0012077188849330103,0.0022782841075916506,0.0010305174531540144,0.0014153907831057772
87,0.03698402195676006,0.028691769217407712,0.011799361209764693,0.015209512900756136,0.023717271324357494,0.014274177839156313,0.04618371308259547,0.1159230449667188,0.033625429069588084,0.05767180639761749,0.04067807959468414,0.04618371308259547,0.033625429069588084,0.028691769217407712,0.04334356649783073,0.028691769217407712,0.07433962464752494,0.2645479561723779,0.01382830666240939,0.041989677873451745
88,0.00013119298165344663,0.0003090489938351841,0.00019199760729790235,0.00016382693667597474,0.0003983677230604652,0.00019818825675256178,0.00016382693667597474,0.862090036535883,0.00017456192117975395,0.0015105405642715003,0.0007280212659762383,0.00015375211844166314,0.00011927908501063964,0.00013542308520399715,0.0001442968684206986,0.00016382693667597474,0.0003983677230604652,0.13255882839306685,0.00013542308520399715,0.00013119298165344663
89,0.8030418161120787,0.013392051474416628,0.0002617378708092921,0.00022333462479168524,0.000184613498462628,0.0020592218654581565,0.0006364516223557196,0.0005786541796013286,0.0002788886034311638,0.00017884687297074872,0.0003830467476330227,0.0010244645039175677,0.061431053885951464,0.0010915939442731467,0.0002788886034311638,0.09280156092716987,0.017262509049995593,0.004410355211229005,9.78636543896876e-05,0.0003830467476330227
90,0.02739069779144209,0.013626893777481571,0.33603853948405055,0.0831719027549629,0.0037096310903637158,0.0012216792059362531,0.003267400100352642,0.0005186094789108657,0.05005679257571665,0.007945132618083686,0.03420407140713428,0.11791790372602848,2.5441390233253733e-05,0.18980658152233834,0.04849320823051624,0.06250830558273918,0.007945132618083686,0.0005024100857661491,0.007696956809308368,0.003952709750551058
91,0.0017274615940638294,0.006761433030410461,0.00021956940488998523,0.00037658892570409147,0.3805095832718014,0.00042755889825913697,0.013166273591640505,0.007676568958394687,0.003363818271097349,0.058508859183114575,0.019889789668378732,0.011234464326471922,0.0001280194935993002,0.0007813684502315391,0.0007333168582904754,0.0011803836537681983,0.00041420357991831615,0.0015705873571442007,0.04539048475632022,0.4459396667265011
92,0.0004033515148214602,0.0006492548608902977,0.0005366888872454281,0.00033341956864434494,0.00022782735664089466,0.00029367209447806684,0.00029367209447806684,0.0004033515148214602,0.00020713789943659427,0.0003129153608625798,0.00022782735664089466,0.9910158019889025,0.00022071089412058328,0.00034417013840326046,0.00027561222573860625,0.0023104642685228887,0.00036672235830913604,0.00032300480591005283,0.000810755527019072,0.0004436392841137374
93,0.00020124181354439207,0.0002594030223214121,0.0002513002557650869,0.00017171479534607557,0.0028030614542059046,0.00014652010147106053,0.00015612103188395677,0.0002284791777183588,0.0001512444029820741,0.00026776704935941263,0.0002077305273403944,0.00022134235477980742,0.00016115489972478713,0.00016635107641749453,0.0001211168601953332,0.00015612103188395677,0.00013321431847093782,0.00018886610333616806,0.00015612103188395677,0.9938511286913694
94,0.007757732047065805,0.0042449722228356905,0.00012937302244362414,0.00015650792421043945,0.00014688320119087762,0.0002952421469012481,0.09824328332831041,0.000214959846368916,0.7729287188687387,0.00020824531606574651,0.0006527259573504994,0.005135319391772705,8.563995081246371e-05,0.001084537323646502,0.10468080908279441,0.0020459100038754986,0.0011556031178274835,0.0004185828855777851,0.0001003660690892623,0.0003145882931220984
95,7.392788818707838e-05,0.0003850149214013456,8.943364005013476e-05,6.111047977849717e-05,0.00011168005407406982,6.511482770046428e-05,6.111047977849717e-05,0.21973426964394188,6.511482770046428e-05,0.5343140905426478,0.024599870110875707,6.511482770046428e-05,9.231728179336524e-05,6.511482770046428e-05,6.111047977849717e-05,6.93815660068349e-05,0.00019154522738448735,0.21973426964394188,9.529390185771306e-05,6.511482770046428e-05
96,0.005736871848486685,0.000565694248742431,0.0023592627781682954,0.0006221972208296709,9.567183371474973e-05,0.015838074663604373,0.0005839341364252374,0.00011573819500604664,0.0013325959680832182,0.00010522777840030527,0.00010522777840030527,0.00923435712292636,0.9497153043263369,0.000530905911440198,0.0005839341364252374,0.010156708064128685,0.0019502204625752406,0.00016408913207571126,9.875661583025558e-05,0.00010522777840030527
97,0.049412221073881116,0.006483057912203504,0.1598718936084647,0.06786648985585295,0.015764446747006694,0.016797433720781865,0.04216225882612043,0.04786877069767419,0.07464516648286287,0.09321298142959233,0.03485228549866442,0.07464516648286287,0.0597760182519535,0.046373531857237964,0.057908842159602146,0.05434763866794838,0.05609998956657045,0.02165208610313598,0.009487791125937155,0.010771929931646508
98,0.014603563835551487,0.0021074179856642506,0.22372759482487062,0.06914834825743808,0.0012287257574067419,0.015074431914414413,0.03332678991167937,0.0032862462122205853,0.050345516296001314,0.003975508675645155,0.0027164861275473357,0.3960931892047214,0.010975389531715639,0.022061049474338765,0.025046934107404405,0.04295861717352961,0.06489595207625064,0.007499541779391388,0.0018561893541735484,0.009072507500035272
99,8.140405760619024e-05,8.402879856999236e-05,6.518855355983216e-05,7.639797557500451e-05,0.7117491985660612,8.673817002187671e-05,7.886130359500768e-05,0.00028063898339636374,7.40115925794622e-05,0.0007271282760245765,0.0007747743526329804,6.518855355983216e-05,6.518855355983216e-05,6.946012285415811e-05,6.72904520638018e-05,7.169975113765284e-05,7.40115925794622e-05,0.00017996936409959123,0.2835607085957713,0.0017681123847521183
100,0.005276592308369217,0.07831268950798907,0.00018257899673951137,0.0021699748848300437,0.10094596141178923,7.508479228039e-05,0.031199756562655143,0.11830400696427228,0.04865199145290234,0.08613475897251595,0.09177885707730779,0.005990760322308827,1.0835371658823768e-05,0.02836644436650344,0.06075406338404002,0.0043617516402467945,0.09473811651554306,0.15741219140440071,0.00702089455565816,0.07831268950798907
101,1.9051989410482197e-07,0.0001324159593872936,2.465700546639524e-07,1.9051989410482197e-07,2.629906639161038e-07,0.9998626175220722,1.9051989410482197e-07,1.9051989410482197e-07,1.9051989410482197e-07,4.1299075650083654e-07,3.515121422838364e-07,2.7160660776811887e-07,1.9051989410482197e-07,2.8969455434598363e-07,1.9676159366120835e-07,5.700859417001955e-07,3.630281742072562e-07,2.546480362734079e-07,1.9051989410482197e-07,4.1299075650083654e-07
102,7.02494549611517e-05,0.9886792294455781,4.650242959344187e-05,8.772384669054426e-05,0.0005186989067060493,4.50498700668581e-05,5.114720985618676e-05,0.007457818858494123,4.954956501086743e-05,0.001146747657845772,0.0007124203957068377,5.114720985618676e-05,5.114720985618676e-05,7.02494549611517e-05,3.967940379831506e-05,4.2279451101504214e-05,7.02494549611517e-05,0.0005705078651892712,0.00013679401090304122,0.00010280829886275049
103,7.56709926496317e-05,0.0003471125268554462,4.8526616876689686e-05,5.68709549212536e-05,0.00010728340377640125,5.3373578084033095e-05,4.2741682121583755e-05,0.08960618578984843,4.1406594082298224e-05,0.00019606156551915438,0.00014274846747047693,3.533125002002336e-05,2.7409568189263798e-05,4.701082941669295e-05,4.554238940788412e-05,4.554238940788412e-05,0.0001782568232396285,0.9087226993218175,9.154234599178555e-05,8.868291030382824e-05
104,0.0004479791618022834,0.004840780610410798,1.128584489739328e-05,1.20253653483262e-05,0.36247758786133366,3.769241132414039e-05,1.998075517585371e-05,0.21815619010637816,1.4093173080128307e-05,0.11203234228022595,0.09559450090399241,9.940441475729524e-06,1.4547584442180088e-05,1.0591802523966285e-05,1.0591802523966285e-05,4.27939452238241e-05,0.0008186866998177221,0.09260849126554747,0.06960042610348785,0.04323947188098819
105,0.6878554603838892,0.00275049959959899,6.712831553646473e-05,9.219911686593097e-05,0.0007729075317222421,0.005026567376451985,0.00015813298937893426,0.0008235533567876472,0.00010140819781084958,0.0002314236265764629,0.002839184969619664,8.382633095120571e-05,4.887477125530142e-05,0.00019746820989097243,8.931916614685901e-05,0.219453012619007,0.06782718669371823,0.00275049959959899,0.006080847545594198,0.00275049959959899
106,0.00018543858856413586,0.0004509194262720697,7.87196911578038e-05,0.00013936740145225533,0.012230310055663371,0.00011160573049093475,0.00015328776994041616,0.0006811868584921288,0.00039716460822196236,0.0005284567525034881,0.0032254418613033814,0.00018543858856413586,0.00010474234482666118,0.0005999814956203264,0.0005454959779018592,0.00037274028998636086,0.0006392961052243465,0.0005284567525034881,0.9758148619149679,0.003027087786342909
107,0.009495157050345987,0.02308877997108132,0.0036647058155497314,0.01970110017245605,0.0003500770422024248,0.00443334699306069,0.001132664721993969,0.0007036713298913442,0.01304136842327985,0.0012859668661984543,0.001370231607156883,0.8332559374921911,0.06579764102639953,0.007136138032187934,0.006488091087353073,0.005714635486256939,0.0010298051767750316,0.001132664721993969,0.0006816913064225967,0.0004963256772029923
108,0.2850302299536436,0.0035724072502124476,0.0008298207845169385,0.004753350865070336,0.0006645223622419398,0.013122818130084495,0.0008298207845169385,0.0013787893718817993,0.00024846456720834296,0.0005493093523432094,0.0004128364954795627,0.0003306003998869021,0.0005853036003272785,0.00046871244776619113,8.182592494409513e-05,0.6104658177540104,0.07054698727213797,0.0026848625156522333,0.0017217600840376377,0.0017217600840376377
109,0.07509398861140001,0.08822774361019074,0.003188637669916207,2.4524782949771176e-05,0.0032931019224464084,0.025918220030982805,0.011577243625598449,0.05802366705742657,0.14777643062777604,0.10705456039828809,0.05802366705742657,0.12989880997871225,5.856055343846036e-05,0.030451253342786436,0.11792480654438997,0.002544515920215672,0.003995813156141252,0.11418397888082443,0.020026505418178946,0.0027139708109106763
110,0.07581462861144198,0.012821987421268501,0.0977259320595676,0.16237659865245777,0.008222538774805672,0.06677664681447777,0.06267010247810104,0.036539675402785014,0.05347488989394754,0.051804537152648385,0.036539675402785014,0.07825914756078704,0.01094069322470796,0.04148519059277133,0.035398314530490235,0.06267010247810104,0.05697890532633166,0.021991308264401634,0.0025413716855340065,0.024967753672588827
111,0.04150659257232131,0.0007858767421406333,0.033238573267153064,0.06270243363609901,0.024980634398117006,0.00041659342640816424,0.01653621644381944,0.16769863721952807,0.0428449048996928,0.07585374095750924,0.09176342421797717,0.07829952102061118,0.0021696099977720103,0.147707017418372,0.004501632113574258,0.026617524695887483,0.021315374015656828,0.12209799200872146,0.023444407474478724,0.015519293474160175
112,0.0005405880767200848,0.00023688187515333192,0.9670353234618958,0.01513516239626,0.0002021256020144951,0.0008429772980859513,0.0006335442715950637,0.0009879304803157472,0.0005237021555399974,0.0013145142404911827,0.0007192922369002896,0.001019784686080503,0.0006335442715950637,0.0006335442715950637,0.00044686244313243615,0.001492429070662526,0.005841495549654184,0.0007911369644620337,0.0003151887753314277,0.0006539718725149401
113,0.257078258012543,0.007657118151393951,0.000801798701212334,0.0001819974690167975,0.0003820017464378929,0.09773842772093022,0.0010716805492131665,0.0002951653329452111,0.0006607928702370063,0.0002951653329452111,0.000580851811899637,0.0005445845904911576,0.00022083369971782728,0.0006195342895817202,0.0005445845904911576,0.6138543650740153,0.015561997758552513,0.0010716805492131665,0.00027673580193105776,0.0005624259472316434
114,0.07466680838519833,0.03958089083973071,0.06172128808010674,0.08212471802350742,0.0270458322832474,0.051020225514590366,0.029747238404970795,0.028818047502205665,0.07955945331420108,0.03958089083973071,0.03714679612457946,0.04353433030862604,0.010112422688643699,0.05979334913632239,0.05979334913632239,0.07707431774490504,0.09934968590401247,0.04353433030862604,0.03271846780142493,0.023077557659048054
115,0.04972913453966423,0.021110288547916325,0.08804176128396218,0.07754616366077435,0.029929349818479924,0.03982320348336654,0.04243267345795517,0.05645979614351739,0.07050404168704605,0.03982320348336654,0.04972913453966423,0.07050404168704605,0.07512391562426801,0.054696206252102024,0.02808879315905404,0.04380084575186639,0.04817578498877222,0.0641014288721435,0.020450883200554975,0.029929349818479924
116,0.06575598440052081,0.00713162012808699,0.10925690717886906,0.10253796642953887,0.03169180367683037,0.15006171796345397,0.07465582316757492,0.020978751649902157,0.03376845253733172,0.02235341309715707,0.0327136541566894,0.09031425326149685,0.025378868107400625,0.03485726117003811,0.04216827810265538,0.04216827810265538,0.049419275388121645,0.0327136541566894,0.015274205525889805,0.016799831799097824
117,0.019559719295192825,0.0028272396173898216,0.003015522809696502,0.0045852457591360135,0.0039026770801067917,0.8777333862103912,0.0021152544523678892,0.00593420599350001,0.006128618923924781,0.006128618923924781,0.006329401095248459,0.007680024719095292,0.0025666261683995983,0.005216300687799296,0.005563686080777455,0.01611991019012366,0.009624155200066193,0.006536761172756528,0.003216344932303658,0.005216300687799296
118,0.06551891705327913,0.02120150596733958,0.04595859151376125,0.11333569455681955,0.009780627309880508,0.02120150596733958,0.02335429224450143,0.004096063780194532,0.008879054269930964,0.006228259662601541,0.03329405636696593,0.3984434670597612,0.0019514917088160036,0.10288847032068485,0.013501024036504291,0.022613444029004563,0.03329405636696593,0.024119411688993803,0.0058393796289242066,0.04450068646773117
119,0.010870952999680446,0.002718113690997093,0.004855876336001553,0.0045526851629655056,0.022093657544458706,0.011594916303535601,0.01406914216478469,0.006922574178196981,0.030497737221895624,0.005524177416419674,0.008674962739284867,0.01406914216478469,0.007625487580500332,0.01406914216478469,0.07767255979211263,0.012772256099187104,0.01707134023835644,0.008959166713551583,0.007149367439762265,0.7182367420487396
120,0.05231854164803295,0.006442240781233225,0.0842145528936777,0.11939613272650142,0.011773263790664318,0.05400546762528972,0.05400546762528972,0.018950836835250312,0.07185825083070604,0.02151576524248349,0.02955138287320925,0.07417520283640303,0.047567390406241736,0.0842145528936777,0.04910112326688657,0.06961367161795637,0.0956126932975699,0.026028515777836093,0.010704110195840187,0.018950836835250312
121,0.006357375707024749,0.006562358909720046,0.00032192919848569195,0.00033230928001427135,0.17243141791443128,0.00037728615991175214,0.09435316597043121,0.021232333269671385,0.004484094589316479,0.22226608954854735,0.05678620665633645,0.002377019485540867,0.007217823912460763,0.036416100777898,0.0008887663550224996,0.003590873095259358,0.0013006870600895054,0.003590873095259358,0.0013426255912646994,0.3577706634233142
122,0.03594385930687301,0.023050231384307802,0.008896358065058198,0.04212454388756272,0.03829912993876228,0.03482110946960963,0.05604980706405518,0.00861846958111705,0.20589237811119648,0.03267972566703485,0.05429902367648003,0.021632717902290908,1.3729781195359843e-05,0.07698305358197968,0.09022058514992597,0.11629537644936047,0.043482781046428436,0.023793448471006354,0.03594385930687301,0.05095981215888266
123,0.015347265047597373,0.008668684011287297,0.0001748858728313454,0.0005481638239338729,0.1882855475584331,0.0001445646542500962,0.03852227500736065,0.0007293723263330027,0.11697295684862692,0.0031399731548217803,0.02895162979493973,0.0019507176684967207,7.192102962999001e-05,0.005217224844979841,0.25052778355936206,0.08250539642036546,0.0010674179344071818,0.010159297502343052,0.004312677139947578,0.24270224580005298
124,0.00022624119052108604,0.0006050855945002232,0.000440550604982958,0.0005163049725923102,0.0012554665338289097,0.0004845539134693115,0.0004547554401414298,0.006538443890361866,0.0009435528483301066,0.001071259372609075,0.0004547554401414298,0.0003010305610072857,0.0002335359684218738,0.0003759112266077391,0.9841162105066229,0.000364169185640574,0.000364169185640574,0.0007319972013959604,0.0002568621315116386,0.00026514423167290746
125,0.04214532585387889,0.019442379501968254,0.0001357529938064001,0.00025867199704400365,0.10393203143622474,0.033631746124573036,0.01654814874729136,0.1856732827899482,0.00031386971714070336,0.1917562005464804,0.2252938911665539,0.014546195360735896,0.008969111355530433,0.025162246699339762,0.0011034417602647799,0.015514915550418479,0.015514915550418479,0.01822843634527995,0.08030626286032705,0.0015231736427752116
126,0.00035910392449053935,0.00818879787236238,1.6719379337231386e-07,0.00014561970649392555,0.391940508166023,0.0003056470098016516,0.0423857772419704,0.007929031649207724,0.004583741856161828,0.27492874611847284,0.1928502256527619,0.00018248205009042208,6.717692980797205e-05,0.0004957014067238832,0.00047997669544828675,0.0001604058309469423,0.0019196415935222371,0.054855496643183545,0.015108458339052656,0.0031132941196845504
127,0.006058841755960565,0.0008743421970547155,0.0005787808102083768,0.0007460551501965544,0.0003068118293044649,0.0018726295256775165,0.0017574689637198646,0.0005787808102083768,0.00645585566393426,0.0005787808102083768,0.00032691609481773554,0.001407385123545528,0.0003711630262682787,0.0002972281914296027,0.9716856668195836,0.0047003781684441465,0.0003711630262682787,0.00031670447593948103,0.0003068118293044649,0.0004082357279258853
128,0.06155351413325255,0.004281109677056474,0.09298655697366728,0.08726818929401617,0.006069591556982762,0.04626088551164252,0.06988456348679542,0.01963799793969809,0.11248970408622967,0.017296921142798433,0.022295931159988677,0.06988456348679542,0.06558689248836726,0.04626088551164252,0.06988456348679542,0.09598475672376379,0.0721378771656861,0.022295931159988677,0.0053460259468659475,0.01259353906796662
129,0.053314943769085486,0.03312206750734696,0.07322678503077071,0.10381810084187074,0.008197944741677853,0.04407134943240384,0.05864017517512202,0.014981831518347385,0.10057521713174797,0.003951087610889763,0.015464896221205641,0.07558786318792628,0.005257212965312022,0.12559307304822137,0.060530931906823085,0.07322678503077071,0.09743362880915493,0.04006914218450643,0.002699799084695595,0.010237164802121213
130,0.0776156661490987,0.03092206262502521,0.019210423444662363,0.031919094061096914,0.01802904553248224,0.005937439463219485,0.06836297981846969,0.0565103995020462,0.12103160864457449,0.04247070469318794,0.029020457390268904,0.07284255774303862,0.09096197787628613,0.045253655812195356,0.09692238611407408,0.045253655812195356,0.06215480110733236,0.0565103995020462,0.002685633004902548,0.02638505170379734
131,0.00027952509638277744,0.0014102885029175622,0.00022384432978781043,0.0002385120362119605,0.0003839209552987627,0.00021685228191960777,0.0001578857683275798,0.40042572743155747,0.00019715949316684002,0.40042572743155747,0.0296749282450474,0.00029784136133267073,0.00012248592197096117,6.918442798143238e-05,0.00010124965884072573,0.0001910009783847149,0.0006179784561753839,0.16467328172921256,0.00013472012559878738,0.0001578857683275798
132,0.08250039386643296,0.02041942792169164,0.03084685455487805,0.12073723779928687,0.011905505794088906,0.03851993928428447,0.06819670864037902,0.010486231616778117,0.13279677842998858,0.06819670864037902,0.05819060989964398,0.04659917210114335,0.0026791010578629355,0.08250039386643296,0.08790634521778802,0.05461207861792825,0.04810168634293765,0.016351924091718827,0.00046770663574886016,0.017985195620607474
133,0.15245076147193412,0.0040923245111558525,0.0030756092215504806,0.014108213083121162,0.003491881997812761,0.020647012676055468,0.002169342084654096,0.002624343314847651,0.0014823229326524215,0.0016829500728524382,0.002169342084654096,0.0013056128711787015,0.6993111519043557,0.003491881997812761,0.0010792493999126206,0.024197345760622144,0.0022392889792135495,0.004646206088076812,0.05349587056832357,0.0022392889792135495
134,0.009962369282021684,0.0027120424820029788,0.00203825059428855,0.005451333020945067,0.19673432778340894,0.18463581313689806,0.04869313027037874,0.0004586684024847934,0.0008652484821362374,0.020024831098451032,0.03777555772123133,0.025005962170895152,9.68670035341965e-05,0.013255665809667076,0.004229080037510657,0.01820633619887766,0.0029829281432955978,0.0004586684024847934,0.0668788360394345,0.3595340839200529
135,0.015501407465932095,0.003836707409516502,0.06673409663031019,0.4073123256122014,0.0006286065677587034,0.033200265763275026,0.019357347224702115,0.00017112472625404687,0.0014345429140930658,0.0002843324224068601,0.004641424472616804,0.00617575698592586,0.00010973959423933851,0.420445446706335,0.001791382192737281,0.00337932745049558,0.012813817230757352,0.000713686232400138,0.0003905237012542494,0.0010781386967888239
136,0.002336566867094502,0.005864880234240341,0.00019659583960683041,0.0004780498163268083,0.0005093746855725344,0.0003065658249294269,0.023695812201980682,0.00533227874860785,0.2560525980579193,0.00533227874860785,0.007094989464312608,0.0012785516936442646,0.00023783016106531337,0.16420250205741366,0.5146777722526754,0.005864880234240341,0.0019937362634979763,0.00212437856401053,0.0015467171423254266,0.0008736411419283752
137,0.00036742718072815475,0.0003915033501995116,0.9929204858430971,0.0007385459248473309,0.00011722375756659825,0.00031351676886673906,0.0003915033501995116,0.00013308957649581354,0.00037927427042897893,0.0001463828999520144,0.00016100399417106462,0.0016327888849979304,0.0004444919370985254,0.00034483161655971065,0.0003037236941103742,0.0005046523408929073,0.0002510649380408873,0.00016100399417106462,0.0001463828999520144,0.00015110277762399673
138,0.030576586746034806,0.03698976827373476,0.05954058921920344,0.10541221743085973,0.0036474405786642594,0.00606040773895562,0.0062558156942535605,0.098929712466538,0.020240521056733653,0.08994570772501609,0.05413358941578988,0.07922313763501276,0.007102518112943568,0.04335030091606684,0.025275304514455508,0.031562478876299684,0.16967680063010232,0.12353825284984002,0.0018731135300650483,0.0066657365894305
139,0.03620742258781451,0.016377404725834772,0.09088213997150377,0.03189107846983686,0.0003304050206998471,0.11714812825638357,0.008410483383541943,0.0005152239637127794,0.03189107846983686,0.0010032754353554703,0.001139065199511734,0.0968373167211858,0.00014025873141007073,0.01353793656041864,0.04973001869493753,0.2940466851451456,0.2074021122282967,0.0016149225409620622,0.00031008619771020227,0.0005849576959011144
140,0.05387451023966421,0.05925563255980912,0.05056140490338672,0.09538084291468385,0.00642661904796477,0.023607429682817687,0.044533899849081425,0.026802611380682746,0.0631384390762327,0.03922494320633821,0.05387451023966421,0.06727567180992375,0.003747027125606567,0.0924015071414652,0.06944486603511921,0.0631384390762327,0.1191066100895687,0.04179521135652949,0.004254173928710506,0.022155650336518305
141,0.058934416366036434,0.011681048509506305,0.167949349294753,0.1433071369946352,0.012847781173572773,0.06279617475122791,0.06482093490553135,0.00996715751518007,0.04719481400276875,0.006810611504116999,0.018215086746083083,0.09486379719267657,0.008778956902190755,0.07841658002436741,0.02665731830998299,0.07129541380252946,0.07129541380252946,0.030265291593080983,0.003282447440721893,0.010620269168508547
142,0.01916695966066119,0.008289975152126042,0.00021016153354270987,0.002358051190193213,0.08444097297138203,0.00016238773670239107,0.05377163336928245,0.17723652598160974,0.007287074822687327,0.12839651285984338,0.1890397911523108,0.004949407690722455,0.036521888716176065,0.02645776951585496,0.00182202037332411,0.006202306568816021,0.09920949268079164,0.05206588188647468,0.017970213166116893,0.08444097297138203
143,0.0003464016186623124,0.0004483115343443087,6.075470447782545e-05,0.0009718067532361737,0.23312020305883846,5.696130266041878e-05,0.23312020305883846,0.007405935284422332,9.238041581338541e-05,0.04803744638106191,0.046513595602119324,0.00029483559413836846,7.440119528510595e-08,0.0007270761731620751,9.238041581338541e-05,0.0004069864147934466,0.0010036445086006103,0.00815792883971098,0.028680050566873,0.39046302337123795
144,0.06525833839563369,0.006856568651232715,0.06736248699772582,0.1050430997779778,0.001926738528913447,0.0418491455503551,0.039275560624483126,0.0031013751271403945,0.036860242714187516,0.0010542967308336457,0.025998906236254782,0.12707500519318346,0.07894572521233073,0.2249769149602428,0.0285957427369468,0.09858329433630669,0.03459345891811046,0.010357957957550361,0.00035840282167717103,0.001926738528913447
145,0.2278688224437578,0.027144691361473534,0.0003496913647726681,0.04849365384046628,0.002664924490803899,0.14985971696908806,0.0003851987845042796,0.04849365384046628,0.007476268809102598,0.0037991365904664815,0.06693987669447891,0.001046369104536509,0.0012293765024842087,0.017285617875414147,0.014245736532678873,0.16507636915820115,0.07139781283796291,0.14510584548674613,0.0001562013949608281,0.0009810359176344854
146,0.13265697441329177,0.0006929949787765742,0.05379353541134766,0.003951209777683569,0.006008002266911638,0.3067115197121967,0.09010109891351269,0.00017894933460044124,0.001363735317570106,9.391394580504441e-05,0.0014084132036601684,0.02045173175398901,7.993373159234971e-05,0.008293351790943282,0.006834867312127708,0.28756106796865377,0.017407246842931448,0.0005530063113670902,0.04883487583728866,0.013023571175750393
147,0.06153355520373634,0.017848842708512787,0.09295640577657112,0.19909013958658778,0.028730393872198043,0.037033809582960917,0.04340191529746991,0.030612992297483443,0.027832965335959723,0.030612992297483443,0.027832965335959723,0.07683988674363108,0.05774944377147072,0.039460500700156796,0.04340191529746991,0.0635176042516717,0.055945570179519746,0.03261895056414982,0.01622795365985417,0.016751197537152807
148,0.06137418243146259,0.03578409186327066,0.05073330006273933,0.07664087035767735,0.038128893514502174,0.03151821367057151,0.04328950372722916,0.052369112512626596,0.09271564737995054,0.04612610777487263,0.03358348780805717,0.038128893514502174,0.011784643773940383,0.07664087035767735,0.06539580983109458,0.06539580983109458,0.08701393975004465,0.04612610777487263,0.014716047039788661,0.03253446702402514
149,0.06743316348295322,0.016168844399109834,0.09560412851141542,0.069607435770076,0.011404490001343602,0.028625745289987674,0.04189305352716969,0.03574633415462274,0.08157670154347035,0.03808866168025893,0.0446381532620176,0.055741792096062885,0.11565628920658433,0.069607435770076,0.054000629927851956,0.0613094232499915,0.046077437652263936,0.040584473426504154,0.001810147651095023,0.024425659397145152
150,1.4788036014994638e-05,0.9997939389221361,2.4769115573737673e-05,9.41695509737354e-06,4.2063993300191345e-06,1.527251286329605e-05,7.760871623111512e-06,4.633514213644745e-06,6.193134323811777e-06,3.9437601977844175e-06,3.047266937101206e-06,1.3864700724710568e-05,1.1800774175093228e-05,4.785314652899167e-06,1.037314621594335e-05,1.8531496826906377e-05,1.2999016636886346e-05,2.041317221947936e-05,8.548905169161808e-06,1.0712985068146185e-05
151,0.05249932026580343,0.03366698799130496,0.0768314261080423,0.061526779907609234,0.03945615580936214,0.11244084700351169,0.059604916661405195,0.00757609669866751,0.06985421087873478,0.026118453282910098,0.0287272304449316,0.09903659577831206,0.0048584316003258046,0.090042884749813,0.0744315037618344,0.059604916661405195,0.04339713642799536,0.02091571649867596,0.003537325958916155,0.03587306351043895
152,0.058929538691224824,0.017093503918347033,0.11475118152441863,0.13028234607479217,0.012056686904318836,0.17893964946569282,0.022033724007878678,0.005453501712412832,0.07596085610279116,0.0077317635955569865,0.005283155002899748,0.14329527625764069,0.01821357918436802,0.06690544229528711,0.022744165473442626,0.06906269907409904,0.03661015131444907,0.005283155002899748,0.0008655927019799891,0.008504031695499806
153,0.07399190396309564,0.027665534585002344,0.04048780946963308,0.05387201141634633,0.020792186215145548,0.028557564589968873,0.04179327279879136,0.035661193660949,0.08671509587234986,0.052189254104885674,0.06116339668011227,0.045967690572410506,0.013763625299274324,0.07168067751898681,0.045967690572410506,0.07168067751898681,0.1440815351957079,0.05560902649059438,0.0039923710283318375,0.02436748244701695
154,0.07010579041330486,0.016434401400764843,0.025807972671248347,0.08785245256872552,0.0008744880721452744,0.07240255465925864,0.014919486992803455,0.011162305131288425,0.10659918643289479,0.00890746019243224,0.037997400826320867,0.06788188445289527,0.03562491937669249,0.09677292994407381,0.1424799946537055,0.082367121743695,0.1032176317184366,0.010808212883457898,0.007108105910611917,0.0006756999552444238
155,0.0851856667031954,0.028958434964258286,0.08252478956666885,0.04661295166485867,0.003140711215135678,0.16587871074905622,0.039773709621445406,0.0034544133935074687,0.12077294028896747,0.005560397332961611,0.028053883289215806,0.04661295166485867,0.01916936699090954,0.0799470281397412,0.029892152431586518,0.11700045170065027,0.0851856667031954,0.004178947506758497,0.004048413036514559,0.004048413036514559
156,0.0688678854263389,0.00430543213777517,0.0008871902252653526,0.0010765067275784906,0.2060709381592184,0.017219349789558774,0.05321287800552734,0.06053642197628142,0.027926515358661787,0.04529150459272693,0.0373264552211527,0.014656043599005564,0.11534977408185125,0.020230971965401107,0.06053642197628142,0.02704062642433188,0.02089376704690707,0.05152485144068339,0.0981785804191142,0.0688678854263389
157,0.0034542165579007564,0.0003984277341930186,0.02899676585130446,0.0012312594071634238,0.0005866101343683212,0.005602083292067852,0.0022716925912262946,0.0001248387931718389,0.0005680016033672818,0.0007840604755574036,0.0010147278069116907,0.9426480243518824,0.00018982331857222553,0.001117762567797979,0.0005680016033672818,0.007250192900050665,0.0018721884500222422,0.0003283594818267357,0.00042496147588083345,0.0005680016033672818
158,6.94631486411533e-05,0.9994347950606579,4.403058597216481e-07,1.0040479764715901e-05,2.2374558023230102e-07,9.544528194947824e-07,8.825807792970135e-06,1.966774030655838e-07,7.902317325338478e-05,8.389855195886371e-07,8.825807792970135e-06,4.7179622890098736e-05,2.031208312715131e-07,0.00010562201907374677,0.00010562201907374677,0.00010562201907374677,2.1074363428877143e-05,4.2633841395054403e-07,3.5136173683083375e-07,2.714903923946912e-07
159,0.00028016751722248945,2.2668238926770503e-05,1.4907944989235851e-05,2.0864970812544484e-06,0.03642652826457988,6.972969755841999e-07,0.09277218418087609,0.0006073202771203324,6.751772206961222e-07,0.000647765451921032,0.0013164906576539808,0.00019652498940088387,0.0005338481985167456,0.000647765451921032,3.849619286987425e-06,1.483944920386392e-07,2.7379012593259444e-07,0.0007610580456363207,0.08697967518751956,0.778785364818533
160,0.07994659773435403,0.020425356065943787,0.025506116810721177,0.04105592693540913,0.0726864875489846,0.016884065532587898,0.06402141639602979,0.01635667136305217,0.05820750372893874,0.02393757444555825,0.03853112234766592,0.07994659773435403,0.04811565116783413,0.07744936924172961,0.062021630167557976,0.052921564080930385,0.03287767920519428,0.023189855410054135,0.06608568246724005,0.09983313161586002
161,0.00724451917472735,0.0023858109383871674,0.0023858109383871674,0.00148219214678883,0.0003786815601197022,0.0037203640723783653,0.0005905049928616374,0.0003908915289137785,0.00024284252581805417,0.0004299347633048891,0.0005038636961880895,0.002311287253550043,0.9604021995271952,0.00173706077592141,0.0004165052319511948,0.008490242055386028,0.0052745881479344964,0.0005720598565456315,0.0007373917632875822,0.0003032490503533192
162,0.0005865826221011349,0.0011790586757368302,0.00028270980153895014,0.00026532407779074503,0.033010799350716026,0.00028270980153895014,0.0007561117758496431,0.21468416372806381,0.0003420058011869303,0.6729079383142067,0.022556453981556517,0.005239552220084182,0.00026532407779074503,0.00037616620547086763,0.00048488258416929525,0.00032097356832004034,0.001838589749866204,0.04392329895788278,0.00021247212196041503,0.00048488258416929525
163,0.10269718934878273,0.0197192002420857,0.06180803534682109,0.07967127154306464,0.008109432522651198,0.0658580915532036,0.04949601458598372,0.02462430633594926,0.09337105250832128,0.021011327857487515,0.06798157821690022,0.040914535402644454,0.0001082990646365205,0.08489184077767584,0.07017353324195612,0.07243616427892421,0.06380093455894348,0.06180803534682109,0.007610729071882798,0.0039084281952644516
164,0.10738750481000192,0.010258367777808875,0.015012861536480371,0.03319066915689136,0.005268101581529793,0.06463088946437845,0.06065630215360332,0.004944130646403442,0.09458567050084164,0.0040869312420329,0.006578529836906182,0.06671480699985068,0.0976354310564308,0.114424218206621,0.08070767583865247,0.10403312645791175,0.0710863861421289,0.027436164701665572,0.005613301156090054,0.025748930733770423
165,0.002787747727565589,0.0011834140986461037,0.0010097787640631147,0.005970681413255677,0.003593439023747622,0.0026163104034710285,0.027388279707126484,0.0015746195871709108,0.0020951472921768464,0.0010759459011921134,0.006997363001119105,0.0012215713546011367,0.0015254344434679405,0.00448729878666503,0.0012609589289913502,0.0015254344434679405,0.0014316252381069568,0.0021627018967590858,0.002455415911427619,0.9276368320769784
166,0.10407031585110359,0.005906454634445745,0.00046272916442786666,0.00031428732939732133,0.0006184817265495677,0.5745487348021688,0.00427884813374408,0.004419029213645068,0.0028140180100104093,0.0023951177685064147,0.0030997514557839704,0.18592032617892498,0.000659670210589562,0.0035263618353707474,0.003001420694549192,0.07539227917890168,0.005191906618317939,0.019468248120488734,0.003001420694549192,0.0009105983785251031
167,0.0019814422234432656,0.0005567976153841459,0.0008682539804522288,0.001050362939671174,0.9649196285006539,0.0010842301781809785,0.000985769070604488,0.0008411330192072677,0.001637905368290427,0.001397585224256524,0.000985769070604488,0.00148916391106783,0.00148916391106783,0.001397585224256524,0.0006321581935577705,0.0014426480785709511,0.0022496233855937107,0.001050362939671174,0.01031931035267499,0.0036211068127901215
168,0.07609628866788425,0.000949212559793909,0.0014906080973065925,0.003796325796968658,0.14499848883944524,0.01251305853270697,0.2351600133015984,0.0007574665798035757,6.128631034837487e-05,0.0005487360289647227,0.017272829100603564,0.017838711263415713,3.5922245457433558e-06,0.08940534349586984,0.07368235126077616,0.05168487569191288,0.010312488472192485,0.0016419634143039464,0.11203751719445522,0.14974884316710377
169,0.03578094586780732,0.005171920219223584,0.00838787243427162,0.004695175355454832,0.04341620077508831,0.006076476419908105,0.03578094586780732,0.03695317995390915,0.11057369358630098,0.051009588135414945,0.03695317995390915,0.04939145464852882,0.16279903150727545,0.02430254841189357,0.10366969407197968,0.0775625032319772,0.10038106913527602,0.04939145464852882,0.006693477640030265,0.051009588135414945
170,0.06601649364814233,0.0023102152896325658,0.0006571317541191356,0.010177765815948278,0.017047176347287966,0.020028685809051604,0.02353165398570679,0.00024190923819179382,0.03045456873074172,0.002989871020696643,0.0357809983384863,0.008387884734599383,0.010855565542080335,0.09719690896493013,0.010855565542080335,0.14310422426688144,0.4014694044912951,0.0009070943331569472,0.10038121633828383,0.017605665808687564
171,0.05306770472455686,0.009927280745843434,2.6353014683208662e-05,0.005044641449949985,0.16399488552427793,0.0031105007042224217,0.06439176123254489,0.04975426374450554,7.995217892432886e-06,0.0015806303039418968,0.06439176123254489,0.06439176123254489,0.00011990307029818858,0.05306770472455686,7.885519390458162e-05,0.04234774643570208,0.08888537397547101,0.1044312085536666,0.09179738377853498,0.13958228514035725
172,0.00012018587426617369,4.424390253993691e-05,1.499178782045001e-06,2.896365908454964e-07,1.90481773954446e-07,0.9996625601290406,5.518911463408874e-07,2.9912549272153333e-07,1.499178782045001e-06,1.90481773954446e-07,1.90481773954446e-07,7.376552318209061e-07,4.2643557386381456e-07,2.8044869727869405e-07,1.90481773954446e-07,0.0001659026896645667,1.90481773954446e-07,1.90481773954446e-07,1.90481773954446e-07,1.90481773954446e-07
173,0.06077210190979516,0.04152589901041049,0.05887381194190824,0.1042317374884555,0.02499225392748684,0.017627970372623283,0.029289767924732053,0.07122209811090291,0.08616033329597009,0.09476624526709596,0.057034817352804315,0.03325403390646806,0.0004302258242878619,0.05887381194190824,0.05185537169634651,0.04286483384236479,0.057034817352804315,0.08346901127179027,0.012045285491994432,0.013675572069850567
174,0.0916408982905692,0.008996826339326993,0.06856292510044866,0.020801245402482325,0.031629282312103935,0.16371532614438244,0.033735669831386865,0.000751777524364403,0.04227555692993982,0.031629282312103935,0.051296689425986364,0.10766866733405189,0.06224283101525655,0.04227555692993982,0.04809382708688137,0.08591902451779655,0.038378618505716035,0.0017381583441283105,0.03598233458926186,0.032665502063872566
175,0.00012215752433476724,0.0001530806235728049,1.5521018717613752e-05,1.1243984096036427e-05,0.1900729095068584,9.526211570322904e-08,0.03125505177422685,1.054193229492259e-05,4.953591878699176e-05,9.438874737683051e-05,0.00017414869430728837,0.0004885626050150368,5.793222685499671e-07,0.00019183163248478926,0.00010737921449057709,0.00014822457802821063,4.414893409022349e-06,0.00011089710850684303,0.46872727178649565,0.30826216387261307
176,0.005569498670782514,0.0007547725630747637,0.00012017554618664166,0.000496382091526956,7.652724953431585e-05,0.00028695652511471673,0.03979386338356562,0.0001713231712089671,0.005392822233395168,0.005392822233395168,0.09502023597798354,0.24200041159649796,1.1371456768923169e-07,0.5967825346238652,0.0032197051676107723,0.003782823729052065,0.000371377941480405,0.00033714451973122474,0.000371377941480405,5.913111994593997e-05
177,0.056799856589707355,0.0008612116282173324,0.00037737684973323886,0.0004712484805592641,0.0009176437002011535,0.0002661779904170653,0.00022712327197356232,0.00041507020379199047,0.0005522814657097813,0.0027864267342864383,0.0013862495003219516,0.00022712327197356232,0.9271972650356176,0.00034310650442630414,0.0001282873443732378,0.004209349083137137,0.0004422682476307787,0.00033238915855868955,0.0013009997115721818,0.0007585452277914458
178,0.017987262630147206,0.010487436782473556,0.0002905975336460487,0.00011215764688149919,0.16066824739785046,3.8127422706903723e-05,0.41628723254490957,0.002145676761151182,0.00029996737678372905,0.0011374237026757353,0.017425408767477824,0.011906874074677607,5.57985178772626e-05,0.004047681398333538,0.0002049692968202436,0.002854980906270628,0.011174640447685767,0.011906874074677607,0.06401019091101455,0.2669584518059391
179,0.00035540544754721775,0.0006495072489065698,0.0001461588938539005,0.0003231303691474204,0.00042994874664025113,0.00021389984091820316,0.00034430392934380516,0.00020721842116493667,0.0014822403540789317,0.0001064153397407514,0.0002671069385836076,0.0008372223466812664,0.00013717060219208126,0.00031303700198064693,0.9914010444066725,0.0002757193658265821,0.0004165187785001955,0.0003909042423945326,0.0002671069385836076,0.0014359407872427921
180,0.0002306156409191313,0.0024919902937616915,2.1341806173835585e-05,5.707899364682781e-05,0.00020312358558763837,8.622706874623547e-05,5.1895536252894266e-05,0.08176688908388302,4.289803478156255e-05,0.0008471394501717732,0.0014529498571150623,7.127726315732802e-05,3.54604946975092e-05,5.707899364682781e-05,4.570898729014475e-05,6.905083179593089e-05,8.900731983177384e-05,0.9120468832137362,0.00013025995921673436,0.00020312358558763837
181,0.0002624957051351816,0.00031755196832295644,0.00013059182055740964,7.376292931411527e-05,0.0002542963348976483,5.906952073059405e-05,0.00010131159833008503,0.021618933432498925,5.906952073059405e-05,0.00141115124705636,0.0002542963348976483,9.508126796492669e-05,3.336457722751501e-05,0.00010795017962931076,7.145885516958801e-05,8.923408244299314e-05,0.00018514802732436645,0.9742858706825666,0.00013914902853827358,0.0004502128866648163
182,0.00023365010616474522,0.0031528134778588163,1.625060314804659e-05,3.371768984809251e-05,9.608755662460271e-05,5.427368741023704e-05,5.6023653871262896e-05,0.1002183632528889,6.360625629355344e-05,0.00012785156854020177,0.00021243187344875314,4.346249170708155e-05,1.5742995940814583e-05,6.565713620491429e-05,6.565713620491429e-05,6.360625629355344e-05,0.0001199891172232868,0.8951839483310544,0.00010909266588234467,6.777414339141943e-05
183,7.314460656754598e-05,0.00011405956858681691,5.42063309799481e-06,1.0555386422834836e-05,0.025124008001261213,4.841890828801891e-05,4.544130454346254e-05,0.13941913569577608,1.6459762081622426e-05,0.7736701642978882,0.055544549947301305,2.823054570270804e-05,1.449756780855552e-05,1.9290081353438963e-05,1.276928981849223e-05,1.449756780855552e-05,4.998009695285131e-05,0.005477067169011898,0.00022926510064578688,8.304446908295854e-05
184,0.029136387713803714,0.06649214418190699,0.0006067633845385588,0.00047071989680050043,0.007443982738418646,0.062403095822495286,0.09426998777795138,0.062403095822495286,0.009295656469836185,0.012368555326290085,0.021213615645463067,0.01698791141827315,1.1858747456097287e-05,0.022603666877841207,0.019909047995862815,0.1336523390092942,0.19559681452577488,0.15663437173525424,0.06441518178835418,0.02408480312188965
185,0.00023505718369408866,0.001434674221675287,0.0001030003968632633,7.499250943013266e-05,0.6768320589711082,0.001528683215862349,0.00017114038976180404,0.014549453476635919,3.975354503219904e-05,0.06465549411006126,0.20265675160556954,0.0001606158181963255,0.0002585352896120784,3.614344622409439e-05,6.605253376116371e-05,7.990649636638505e-05,7.990649636638505e-05,0.0029767449244070513,0.007471753843381054,0.02658928152599136
186,0.002964625557878703,5.437823425088935e-05,0.12147186093887398,0.19552720958755693,5.9809669799088503e-05,0.006983716157779801,0.018678057843570087,7.364660438815332e-06,0.025653860434088724,1.0115182885937094e-05,0.00031148753036829523,0.1253885228195136,0.014957430992194464,0.38074247344627316,0.02648102728966202,0.027334864790330506,0.018094626158474035,0.00019351255537734975,0.029126019260352,0.005959036890331464
187,0.0004374235567697588,0.01629527524846182,0.03173115095681302,0.042220632555617754,0.01264168286806741,0.07964651158805565,0.02238116620369119,0.057989017064406685,0.07964651158805565,0.07015172496034794,0.09334203498400577,0.17608375386638106,0.014352689710953926,0.06378110673093704,0.03381037810174945,0.06796045114329527,0.08486545839268843,0.024616653681420252,0.01012348825064906,0.017922888547632836
188,0.017142010731616874,0.03671404117705849,0.23876802083568865,0.22408457219840117,0.013727360988652366,0.02354413689857681,0.02508689872937985,0.01558531050625075,0.07863259687876807,0.025895784830221535,0.02008964527765636,0.03911977903130621,0.019462120954973107,0.03132720758181451,0.019462120954973107,0.06499949936796076,0.05546250818846174,0.02354413689857681,0.009086983496620465,0.01826526447304212
189,0.06710559470272312,0.035572689875281054,0.17386884315668888,8.177903810036676e-06,0.009381417357425375,0.040387327011150796,0.07380827119769318,0.00880449101933963,0.0008681821843481905,0.017697441299257526,0.0001334955843491405,0.14835809861713345,0.09216791035063715,0.06297882115221423,0.04885822867497626,0.07618809842715653,0.07150278074469511,0.02281220626830862,0.020092727075734305,0.029405197397077497
190,0.07550639156576444,0.03105166436337591,0.06442778638633063,0.07794097191469888,0.022608089905548023,0.18952419025076975,0.04264870954441549,0.01544822753752327,0.056747248062220534,0.02121776667150094,0.037564489419801346,0.04998231886046016,0.08849000543175804,0.0016231156853662562,0.03877569506561149,0.06442778638633063,0.06046568924741418,0.03639111724451857,0.0002924933601302612,0.02486624309646129
191,0.0013776355206114902,0.021105470215522747,0.09681349273297947,0.001666582967429916,0.011188014203207792,0.07510676891424728,0.07048794944334376,0.0034579225823178406,0.023213537951984282,0.002016134707454886,2.1561505377763647e-05,0.28479170005225635,0.1288174799794793,0.003684507697620762,0.07752846408307715,0.1064834692082936,0.08260862292276626,0.008959387093973488,0.00034097448384345154,0.0003303237342125405
192,0.061384160413349945,0.03358894768417751,0.05946675205922089,0.05760923626974902,0.007802247886694616,0.06969228834285095,0.035789909505254985,0.039364696171861245,0.06751536558318262,0.034671968475895,0.055809742228374336,0.02154006361603068,0.026057910530573034,0.08167614484184615,0.04762110963062116,0.05946675205922089,0.05760923626974902,0.049156574579971635,0.018379617786301865,0.11579727606507455
193,0.07982719431904996,0.0,0.0002723671688191884,0.0,0.10964071955750841,2.8617096868583583e-05,2.3655545456424107e-05,0.04959288207466545,2.4418279907339757e-05,0.0,3.1475444870490956e-05,0.12059191188543951,0.005378637385447267,3.0492271352465903e-05,0.004446104430137026,0.004042344808424154,0.28407624068872706,0.21349907689477668,0.0,0.12849386214855008
194,0.07619233672248164,0.0,0.053741301535339514,0.0,0.0,0.0692731584764725,0.0,0.06501308687696819,0.0,0.062982324623869,0.0,0.0,0.003858280369479661,0.0,0.5625791940903407,0.0,0.0,0.10137951367386812,7.4356656529452415e-06,0.0049733679655277994
195,0.06674059857569868,0.11815930243193178,0.2159373863989165,1.915976144238203e-05,0.025758885128152866,0.10407334508991274,0.0014346826825196416,0.06889254023784257,0.008483079196449026,0.04146279551713301,0.03651995007953707,0.038912969848673214,0.06263627108754444,0.0332035004862394,0.015502917777899706,0.06889254023784257,0.018754524202922642,0.00040315477635865507,0.007471797907284457,0.06674059857569868
196,0.03884396588110934,0.04138926997004426,0.06454122181308117,0.05868010457806987,0.008468036239717891,0.08864580624523188,0.0,0.0018460431660519117,0.17818224233568622,0.024910024096174918,0.030134691836725343,0.05007032073027328,0.0666222481614995,0.08587684747299221,0.03421331526677156,0.05684716067232104,0.055071470982217874,0.060572148768193265,0.021940460722106096,0.03314462106173211
197,0.06389402279555353,0.0748808452766665,0.05281625762301948,0.024660234230586,0.029832510650773983,0.029832510650773983,0.03608962848474107,0.058091678995713616,0.08501570153011162,0.10616316342156445,0.05627711527338338,0.033870234931367524,0.02890065616646963,0.037253279647077024,0.05281625762301948,0.04229537863510978,0.04801990779965226,0.04801990779965226,0.05281625762301948,0.03845445084174521
198,0.06744720766777454,0.03932495683832478,0.02773736118647011,0.05401187654284081,0.026031604624557222,0.08159369137776575,0.04190177851879214,0.03932495683832478,0.05232475037530742,0.038096594337969227,0.05232475037530742,0.09263710749100905,0.0491069501778369,0.05940671935671774,0.05940671935671774,0.05940671935671774,0.04190177851879214,0.038096594337969227,0.03932495683832478,0.040592925882480375
199,0.12523376858293692,0.0531624170659984,0.03749743883426921,0.03099623881894633,0.04833463181236954,0.07537161673336024,0.06230389874793848,0.043945267378212104,0.03749743883426921,0.03749743883426921,0.03749743883426921,0.0399545098934287,0.04124277784824318,0.04124277784824318,0.04682484123762326,0.05664595728817626,0.06035776125661055,0.03632616106496971,0.04124277784824318,0.04682484123762326
200,0.0862946257829154,0.05896557470928833,0.04293164446065028,0.09797429665900273,0.03437975804441912,0.062829374787615,0.03903293609711113,0.06910493162379519,0.024249327731039095,0.04159062271837934,0.03903293609711113,0.060866823417827454,0.050313905521605834,0.05361079312176483,0.025031207722184465,0.050313905521605834,0.04874228994315107,0.05193619527908096,0.02841909271703395,0.03437975804441912
201,0.04795805062201037,0.04646002301535782,0.05620462151660312,0.05620462151660312,0.04795805062201037,0.06586922193152697,0.05274822199405081,0.04360288427774326,0.04795805062201037,0.051100567601846225,0.051100567601846225,0.06181848124345443,0.04795805062201037,0.051100567601846225,0.04092145018330718,0.054449002312708966,0.051100567601846225,0.0422408955494575,0.03964321928601718,0.04360288427774326
